addSection,2021-04-28 16:48:56.333
addSection,2021-04-28 16:48:56.34
addBook,2021-04-28 16:48:56.341
addBook,2021-04-28 16:48:56.341
addBook,2021-04-28 16:48:56.342
addBook,2021-04-28 16:48:56.342
addBook,2021-04-28 16:48:56.342
addCustomer,2021-04-28 16:48:56.343
addCustomer,2021-04-28 16:48:56.343
addCustomer,2021-04-28 16:48:56.343
displayAllBooks,2021-04-28 16:48:58.501
displayBooksBySection,2021-04-28 16:48:59.226
displayBooksByAuthor,2021-04-28 16:49:00.009
searchByAuthor,2021-04-28 16:49:00.01
